{"__meta":{"schema_version":3,"schema_name":"Word2VecModelV3","schema_type":"Word2VecModel"},"model_id":{"__meta":{"schema_version":3,"schema_name":"ModelKeyV3","schema_type":"Key<Model>"},"name":"JavaforMLWord","type":"Key<Model>","URL":"/3/Models/JavaforMLWord"},"algo":"word2vec","algo_full_name":"Word2Vec","response_column_name":null,"data_frame":{"__meta":{"schema_version":3,"schema_name":"FrameKeyV3","schema_type":"Key<Frame>"},"name":"py_18_sid_8a45","type":"Key<Frame>","URL":"/3/Frames/py_18_sid_8a45"},"timestamp":0,"have_pojo":false,"have_mojo":true,"algo":"word2vec","algo_full_name":"Word2Vec","model_id":{"__meta":{"schema_version":3,"schema_name":"ModelKeyV3","schema_type":"Key<Model>"},"name":"JavaforMLWord","type":"Key<Model>","URL":"/3/Models/JavaforMLWord"},"parameters":[{"__meta":{"schema_version":3,"schema_name":"ModelParameterSchemaV3","schema_type":"Iced"},"name":"model_id","label":"model_id","help":"Destination id for this model; auto-generated if not specified.","required":false,"type":"Key<Model>","default_value":null,"actual_value":{"__meta":{"schema_version":3,"schema_name":"ModelKeyV3","schema_type":"Key<Model>"},"name":"JavaforMLWord","type":"Key<Model>","URL":"/3/Models/JavaforMLWord"},"level":"critical","values":[],"is_member_of_frames":[],"is_mutually_exclusive_with":[],"gridable":false},{"__meta":{"schema_version":3,"schema_name":"ModelParameterSchemaV3","schema_type":"Iced"},"name":"training_frame","label":"training_frame","help":"Id of the training data frame.","required":false,"type":"Key<Frame>","default_value":null,"actual_value":{"__meta":{"schema_version":3,"schema_name":"FrameKeyV3","schema_type":"Key<Frame>"},"name":"py_18_sid_8a45","type":"Key<Frame>","URL":"/3/Frames/py_18_sid_8a45"},"level":"critical","values":[],"is_member_of_frames":[],"is_mutually_exclusive_with":[],"gridable":false},{"__meta":{"schema_version":3,"schema_name":"ModelParameterSchemaV3","schema_type":"Iced"},"name":"min_word_freq","label":"min_word_freq","help":"This will discard words that appear less than <int> times","required":false,"type":"int","default_value":5,"actual_value":5,"level":"critical","values":[],"is_member_of_frames":[],"is_mutually_exclusive_with":[],"gridable":false},{"__meta":{"schema_version":3,"schema_name":"ModelParameterSchemaV3","schema_type":"Iced"},"name":"word_model","label":"word_model","help":"Use the Skip-Gram model","required":false,"type":"enum","default_value":"SkipGram","actual_value":"SkipGram","level":"critical","values":["SkipGram"],"is_member_of_frames":[],"is_mutually_exclusive_with":[],"gridable":false},{"__meta":{"schema_version":3,"schema_name":"ModelParameterSchemaV3","schema_type":"Iced"},"name":"norm_model","label":"norm_model","help":"Use Hierarchical Softmax","required":false,"type":"enum","default_value":"HSM","actual_value":"HSM","level":"critical","values":["HSM"],"is_member_of_frames":[],"is_mutually_exclusive_with":[],"gridable":false},{"__meta":{"schema_version":3,"schema_name":"ModelParameterSchemaV3","schema_type":"Iced"},"name":"vec_size","label":"vec_size","help":"Set size of word vectors","required":false,"type":"int","default_value":100,"actual_value":100,"level":"critical","values":[],"is_member_of_frames":[],"is_mutually_exclusive_with":[],"gridable":false},{"__meta":{"schema_version":3,"schema_name":"ModelParameterSchemaV3","schema_type":"Iced"},"name":"window_size","label":"window_size","help":"Set max skip length between words","required":false,"type":"int","default_value":5,"actual_value":5,"level":"critical","values":[],"is_member_of_frames":[],"is_mutually_exclusive_with":[],"gridable":false},{"__meta":{"schema_version":3,"schema_name":"ModelParameterSchemaV3","schema_type":"Iced"},"name":"sent_sample_rate","label":"sent_sample_rate","help":"Set threshold for occurrence of words. Those that appear with higher frequency in the training data\n\t\twill be randomly down-sampled; useful range is (0, 1e-5)","required":false,"type":"float","default_value":0.001,"actual_value":0.0,"level":"critical","values":[],"is_member_of_frames":[],"is_mutually_exclusive_with":[],"gridable":false},{"__meta":{"schema_version":3,"schema_name":"ModelParameterSchemaV3","schema_type":"Iced"},"name":"init_learning_rate","label":"init_learning_rate","help":"Set the starting learning rate","required":false,"type":"float","default_value":0.025,"actual_value":0.025,"level":"critical","values":[],"is_member_of_frames":[],"is_mutually_exclusive_with":[],"gridable":false},{"__meta":{"schema_version":3,"schema_name":"ModelParameterSchemaV3","schema_type":"Iced"},"name":"epochs","label":"epochs","help":"Number of training iterations to run","required":false,"type":"int","default_value":5,"actual_value":10,"level":"critical","values":[],"is_member_of_frames":[],"is_mutually_exclusive_with":[],"gridable":false},{"__meta":{"schema_version":3,"schema_name":"ModelParameterSchemaV3","schema_type":"Iced"},"name":"pre_trained","label":"pre_trained","help":"Id of a data frame that contains a pre-trained (external) word2vec model","required":false,"type":"Key<Frame>","default_value":null,"actual_value":null,"level":"critical","values":[],"is_member_of_frames":[],"is_mutually_exclusive_with":[],"gridable":false},{"__meta":{"schema_version":3,"schema_name":"ModelParameterSchemaV3","schema_type":"Iced"},"name":"max_runtime_secs","label":"max_runtime_secs","help":"Maximum allowed runtime in seconds for model training. Use 0 to disable.","required":false,"type":"double","default_value":0.0,"actual_value":0.0,"level":"secondary","values":[],"is_member_of_frames":[],"is_mutually_exclusive_with":[],"gridable":true}],"output":{"__meta":{"schema_version":3,"schema_name":"Word2VecModelOutputV3","schema_type":"Word2VecOutput"},"names":["C1"],"domains":[null],"cross_validation_models":null,"cross_validation_predictions":null,"cross_validation_holdout_predictions_frame_id":null,"cross_validation_fold_assignment_frame_id":null,"model_category":"WordEmbedding","model_summary":null,"scoring_history":null,"training_metrics":null,"validation_metrics":null,"cross_validation_metrics":null,"cross_validation_metrics_summary":null,"status":null,"start_time":1560958164189,"end_time":1560958177616,"run_time":13427,"help":{"cross_validation_metrics_summary":"Cross-validation model metrics summary", "run_time":"Runtime in milliseconds", "epochs":"Number of epochs executed", "status":"Job status", "domains":"Domains for categorical columns", "model_category":"Category of the model (e.g., Binomial)", "__meta":"Metadata on this schema instance, to make it self-describing.", "model_summary":"Model summary", "scoring_history":"Scoring history", "help":"Help information for output fields", "end_time":"End time in milliseconds", "names":"Column names", "cross_validation_fold_assignment_frame_id":"Cross-validation fold assignment (each row is assigned to one holdout fold)", "start_time":"Start time in milliseconds", "training_metrics":"Training data model metrics", "cross_validation_models":"Cross-validation models (model ids)", "cross_validation_metrics":"Cross-validation model metrics", "cross_validation_predictions":"Cross-validation predictions, one per cv model (deprecated, use cross_validation_holdout_predictions_frame_id instead)", "cross_validation_holdout_predictions_frame_id":"Cross-validation holdout predictions (full out-of-sample predictions on training data)", "validation_metrics":"Validation data model metrics"},"epochs":9},"compatible_frames":null}
